R;N;ln(N)/ln(R)
  1;     13;0,00
  2;     55;3,65
  3;    175;3,73
  4;    381;3,69
  5;    721;3,67
  6;   1215;3,65
  7;   1927;3,64
  8;   2833;3,62
  9;   3977;3,60
 10;   5447;3,59
 11;   7207;3,57
 12;   9211;3,56
 13;  11775;3,55
 14;  14665;3,54
 15;  17981;3,53
 16;  21727;3,52
 17;  25963;3,52
 18;  30715;3,51
 19;  36093;3,50
 20;  42073;3,50
 21;  48651;3,49
 22;  55863;3,49
 23;  63727;3,48
 24;  72131;3,48
 25;  81671;3,47
 26;  91759;3,47
 27; 102659;3,46
 28; 114397;3,46
 29; 126951;3,46
 30; 140393;3,45
 31; 154765;3,45
 32; 170073;3,44
 33; 186565;3,44
 34; 203847;3,44
 35; 222381;3,44
 36; 241533;3,43
 37; 262269;3,43
 38; 283981;3,43
 39; 306883;3,42
 40; 330863;3,42
 41; 356163;3,42
 42; 382827;3,42
 43; 410493;3,42
 44; 439695;3,41
 45; 470419;3,41
 46; 502237;3,41
 47; 535591;3,41
 48; 570109;3,41
 49; 606321;3,40
 50; 644167;3,40
 51; 683329;3,40
 52; 724139;3,40
 53; 766537;3,40
 54; 810435;3,40
 55; 856161;3,39
 56; 903551;3,39
 57; 952793;3,39
 58;1003233;3,39
 59;1056205;3,39
 60;1110347;3,39
 61;1166457;3,38
 62;1225011;3,38
 63;1284833;3,38
 64;1346831;3,38
 65;1410641;3,38
 66;1476393;3,38
 67;1544365;3,38
 68;1614283;3,38
 69;1686585;3,37
 70;1760371;3,37
 71;1836757;3,37
 72;1914771;3,37
 73;1996031;3,37
 74;2078721;3,37
 75;2163817;3,37
 76;2251299;3,37
 77;2341205;3,37
 78;2433297;3,37
 79;2527643;3,36
 80;2624185;3,36
 81;2723893;3,36
 82;2825743;3,36
 83;2930405;3,36
 84;3036805;3,36
 85;3146611;3,36
 86;3258363;3,36
 87;3373043;3,36
 88;3490593;3,36
 89;3610169;3,36
 90;3733435;3,35
 91;3859287;3,35
 92;3987129;3,35
 93;4118217;3,35
 94;4252149;3,35
 95;4388875;3,35
 96;4528463;3,35
 97;4671523;3,35
 98;4816921;3,35
 99;4965201;3,35
100;5117417;3,35
101;5272175;3,35
102;5429251;3,35
103;5590795;3,35
104;5754227;3,34
105;5922349;3,34
106;6092241;3,34
107;6265951;3,34
108;6442613;3,34
109;6623189;3,34
110;6806189;3,34
111;6993015;3,34
112;7183881;3,34
113;7377393;3,34
114;7574769;3,34
115;7776133;3,34
116;7979637;3,34
117;8187693;3,34
118;8398471;3,34
119;8613743;3,34
120;8831855;3,33
121;9054015;3,33
122;9280223;3,33
123;9509441;3,33
124;9743315;3,33
125;9980783;3,33
126;10221483;3,33
127;10466277;3,33
128;10714743;3,33
129;10967095;3,33
130;11224265;3,33
131;11484851;3,33
132;11748867;3,33
133;12018201;3,33
134;12291289;3,33
135;12567131;3,33
136;12848277;3,33
137;13133307;3,33
138;13421717;3,33
139;13716009;3,33
140;14013047;3,33
141;14315039;3,32
142;14620709;3,32
143;14932239;3,32
144;15246391;3,32
145;15566337;3,32
146;15890333;3,32
147;16218717;3,32
148;16550889;3,32
149;16888341;3,32
150;17229927;3,32
151;17576721;3,32
152;17927579;3,32
153;18282961;3,32
154;18642967;3,32
155;19008981;3,32
156;19377829;3,32
157;19752305;3,32
158;20131797;3,32
159;20515355;3,32
160;20904295;3,32
161;21298371;3,32
162;21697075;3,32
163;22101261;3,32
164;22509829;3,32
165;22923619;3,32
166;23342197;3,31
167;23765943;3,31
168;24194685;3,31
169;24628027;3,31
170;25068527;3,31
171;25511967;3,31
172;25961803;3,31
173;26417177;3,31
174;26876405;3,31
175;27342849;3,31
176;27813117;3,31
177;28289499;3,31
178;28770017;3,31
179;29257549;3,31
180;29749515;3,31
181;30247157;3,31
182;30751319;3,31
183;31260647;3,31
184;31774555;3,31
185;32295659;3,31
186;32821165;3,31
187;33353467;3,31
188;33890683;3,31
189;34434371;3,31
190;34982161;3,31
191;35535587;3,31
192;36095843;3,31
193;36662571;3,31
194;37235319;3,31
195;37814279;3,31
196;38397207;3,31
197;38987011;3,31
198;39583085;3,30
199;40184979;3,30
200;40792881;3,30
201;41407949;3,30
202;42028029;3,30
203;42654261;3,30
204;43286875;3,30
205;43926601;3,30
206;44571637;3,30
207;45223415;3,30
208;45880631;3,30
209;46544599;3,30
210;47216091;3,30
211;47892651;3,30
212;48575483;3,30
213;49265655;3,30
214;49962137;3,30
215;50664753;3,30
216;51373809;3,30
217;52090987;3,30
218;52813449;3,30
219;53542849;3,30
220;54278297;3,30
221;55021723;3,30
222;55769673;3,30
223;56527093;3,30
224;57290225;3,30
225;58061381;3,30
226;58836647;3,30
227;59620803;3,30
228;60410281;3,30
229;61208221;3,30
230;62014319;3,30
231;62825415;3,30
232;63642457;3,30
233;64469661;3,30
234;65300889;3,30
235;66142307;3,30
236;66988543;3,30
237;67842929;3,30
238;68706205;3,30
239;69572273;3,29
240;70448407;3,29
241;71332885;3,29
242;72223397;3,29
243;73122011;3,29
244;74028549;3,29
245;74941927;3,29
246;75860769;3,29
247;76789305;3,29
248;77724443;3,29
249;78668149;3,29
250;79619165;3,29
251;80576439;3,29
252;81541599;3,29
253;82517427;3,29
254;83498111;3,29
255;84487019;3,29
256;85483265;3,29
257;86489275;3,29
258;87500603;3,29
259;88522863;3,29
260;89550027;3,29
261;90585789;3,29
262;91631361;3,29
263;92682453;3,29
264;93741441;3,29
265;94810893;3,29
266;95888163;3,29
267;96971831;3,29
268;98065125;3,29
269;99166231;3,29
270;100275313;3,29
271;101391649;3,29
272;102517579;3,29
273;103653053;3,29
274;104796295;3,29
275;105945555;3,29
276;107103285;3,29
277;108272589;3,29
278;109446243;3,29
279;110631389;3,29
280;111822665;3,29
281;113025503;3,29
282;114235423;3,29
283;115454483;3,29
284;116680537;3,29
285;117917335;3,29
286;119162513;3,29
287;120415669;3,29
288;121676189;3,29
289;122946595;3,29
290;124227073;3,29
291;125516343;3,28
292;126812687;3,28
293;128120435;3,28
294;129434967;3,28
295;130758805;3,28
296;132092505;3,28
297;133434513;3,28
298;134785733;3,28
299;136147071;3,28
300;137515913;3,28
301;138894429;3,28
302;140280877;3,28
303;141678555;3,28
304;143084829;3,28
305;144501655;3,28
306;145925237;3,28
307;147359081;3,28
308;148803073;3,28
309;150256107;3,28
310;151718709;3,28
311;153191057;3,28
312;154671951;3,28
313;156162625;3,28
314;157663219;3,28
315;159176095;3,28
316;160692523;3,28
317;162224025;3,28
318;163761165;3,28
319;165308631;3,28
320;166868513;3,28
321;168434617;3,28
322;170013633;3,28
323;171603455;3,28
324;173197747;3,28
325;174807811;3,28
326;176423063;3,28
327;178053093;3,28
328;179690115;3,28
329;181336517;3,28
330;182995413;3,28
331;184661195;3,28
332;186339263;3,28
333;188025447;3,28
334;189725233;3,28
335;191433243;3,28
336;193149717;3,28
337;194878853;3,28
338;196616617;3,28
339;198365813;3,28
340;200126243;3,28
341;201895555;3,28
342;203676335;3,28
343;205466719;3,28
344;207267393;3,28
345;209080907;3,28
346;210901845;3,28
347;212734343;3,28
348;214577865;3,28
349;216432533;3,28
350;218295235;3,28
351;220171075;3,28
352;222057297;3,28
353;223952867;3,28
354;225860625;3,28
355;227779071;3,28
356;229708015;3,28
357;231648391;3,28
358;233599521;3,28
359;235562271;3,28
360;237530819;3,27
361;239517129;3,27
362;241509291;3,27
363;243518427;3,27
364;245533263;3,27
365;247560629;3,27
366;249599639;3,27
367;251651897;3,27
368;253713265;3,27
369;255784045;3,27
370;257871061;3,27
371;259965635;3,27
372;262071111;3,27
373;264189111;3,27
374;266316243;3,27
375;268458151;3,27
376;270610577;3,27
377;272773309;3,27
378;274949217;3,27
379;277135119;3,27
380;279332971;3,27
381;281542555;3,27
382;283762193;3,27
383;285997235;3,27
384;288239825;3,27
385;290500053;3,27
386;292767851;3,27
387;295045735;3,27
388;297337577;3,27
389;299642689;3,27
390;301958439;3,27
391;304283031;3,27
392;306624151;3,27
393;308974723;3,27
394;311337581;3,27
395;313714427;3,27
396;316096259;3,27
397;318500771;3,27
398;320910381;3,27
399;323335407;3,27
400;325768523;3,27
401;328215197;3,27
402;330679261;3,27
403;333151897;3,27
404;335636891;3,27
405;338132541;3,27
406;340643791;3,27
407;343165115;3,27
408;345695069;3,27
409;348245081;3,27
410;350804113;3,27
411;353375247;3,27
412;355959571;3,27
413;358555705;3,27
414;361164097;3,27
415;363787153;3,27
416;366423025;3,27
417;369068507;3,27
418;371725881;3,27
419;374400351;3,27
420;377084551;3,27
421;379787521;3,27
422;382498675;3,27
423;385222791;3,27
424;387958655;3,27
425;390708779;3,27
426;393472293;3,27
427;396247845;3,27
428;399037805;3,27
429;401838419;3,27
430;404653061;3,27
431;407481233;3,27
432;410318591;3,27
433;413177177;3,27
434;416046443;3,27
435;418928961;3,27
436;421819093;3,27
437;424726965;3,27
438;427648673;3,27
439;430581475;3,27
440;433530959;3,27
441;436492829;3,27
442;439465717;3,27
443;442453927;3,27
444;445453733;3,27
445;448468773;3,27
446;451498227;3,27
447;454541779;3,27
448;457597075;3,27
449;460664097;3,27
450;463747479;3,27
451;466845655;3,27
452;469957233;3,26
453;473082197;3,26
454;476218989;3,26
455;479374093;3,26
456;482536231;3,26
457;485718403;3,26
458;488911333;3,26
459;492119797;3,26
460;495341509;3,26
461;498576891;3,26
462;501825563;3,26
463;505088191;3,26
464;508367675;3,26
465;511665057;3,26
466;514965505;3,26
467;518287991;3,26
468;521620143;3,26
469;524972655;3,26
470;528335717;3,26
471;531712815;3,26
472;535105969;3,26
473;538513127;3,26
474;541933153;3,26
475;545370869;3,26
476;548819925;3,26
477;552285837;3,26
478;555761679;3,26
479;559254799;3,26
480;562760981;3,26
481;566286595;3,26
482;569825669;3,26
483;573377037;3,26
484;576944069;3,26
485;580522831;3,26
486;584120693;3,26
487;587732343;3,26
488;591359327;3,26
489;595001101;3,26
490;598659141;3,26
491;602327273;3,26
492;606012089;3,26
493;609714015;3,26
494;613430935;3,26
495;617162459;3,26
496;620909883;3,26
497;624670885;3,26
498;628445533;3,26
499;632237967;3,26
500;636041729;3,26
501;639867681;3,26
502;643701201;3,26
503;647553997;3,26
504;651421199;3,26
505;655308501;3,26
506;659206355;3,26
507;663117691;3,26
508;667050999;3,26
509;670996489;3,26
510;674959161;3,26
511;678931261;3,26
512;682924247;3,26
513;686931873;3,26
514;690955501;3,26
515;694994841;3,26
516;699048257;3,26
517;703119695;3,26
518;707203079;3,26
519;711303739;3,26
520;715424801;3,26
521;719556843;3,26
522;723705463;3,26
523;727869987;3,26
524;732052291;3,26
525;736251041;3,26
526;740464075;3,26
527;744693525;3,26
528;748936371;3,26
529;753202199;3,26
530;757478655;3,26
531;761769453;3,26
532;766083281;3,26
533;770409243;3,26
534;774746275;3,26
535;779110293;3,26
536;783481577;3,26
537;787876025;3,26
538;792281303;3,26
539;796708711;3,26
540;801146885;3,26
541;805604945;3,26
542;810076537;3,26
543;814566705;3,26
544;819073513;3,26
545;823596245;3,26
546;828138881;3,26
547;832695701;3,26
548;837267015;3,26
549;841859923;3,26
550;846464879;3,26
551;851089591;3,26
552;855728977;3,26
553;860387211;3,26
554;865060843;3,26
555;869750857;3,26
556;874457245;3,26
557;879185129;3,26
558;883924619;3,26
559;888683863;3,26
560;893458211;3,26
561;898249375;3,26
562;903060553;3,26
563;907891647;3,26
564;912733245;3,26
565;917596533;3,26
566;922476363;3,26
567;927371309;3,26
568;932283125;3,26
569;937214917;3,26
570;942162653;3,26
571;947130439;3,26
572;952109765;3,26
573;957110531;3,26
574;962126383;3,26
575;967165217;3,26
576;972215527;3,26
577;977284917;3,25
578;982374981;3,25
579;987478583;3,25
580;992601585;3,25
581;997745931;3,25
582;1002903847;3,25
583;1008081539;3,25
584;1013274873;3,25
585;1018486777;3,25
586;1023714473;3,25
587;1028965719;3,25
588;1034229153;3,25
589;1039509503;3,25
590;1044815707;3,25
591;1050130701;3,25
592;1055469017;3,25
593;1060825627;3,25
594;1066200281;3,25
595;1071593109;3,25
596;1076999925;3,25
597;1082427849;3,25
598;1087876861;3,25
599;1093337995;3,25
600;1098821457;3,25
601;1104322329;3,25
602;1109844567;3,25
603;1115382869;3,25
604;1120936507;3,25
605;1126513427;3,25
606;1132101809;3,25
607;1137719595;3,25
608;1143346553;3,25
609;1148997109;3,25
610;1154662913;3,25
611;1160347357;3,25
612;1166050035;3,25
613;1171777435;3,25
614;1177516407;3,25
615;1183279563;3,25
616;1189056121;3,25
617;1194852925;3,25
618;1200671739;3,25
619;1206512167;3,25
620;1212360845;3,25
621;1218234689;3,25
622;1224128527;3,25
623;1230039173;3,25
624;1235969951;3,25
625;1241919515;3,25
626;1247887667;3,25
627;1253876333;3,25
628;1259883539;3,25
629;1265907363;3,25
630;1271955301;3,25
631;1278018875;3,25
632;1284099787;3,25
633;1290203515;3,25
634;1296326991;3,25
635;1302463327;3,25
636;1308625559;3,25
637;1314811229;3,25
638;1321009295;3,25
639;1327228573;3,25
640;1333465449;3,25
641;1339725701;3,25
642;1345998551;3,25
643;1352300241;3,25
644;1358613913;3,25
645;1364952097;3,25
646;1371305507;3,25
647;1377680663;3,25
648;1384076863;3,25
649;1390493891;3,25
650;1396932321;3,25
651;1403388511;3,25
652;1409858029;3,25
653;1416356909;3,25
654;1422868157;3,25
655;1429404023;3,25
656;1435957825;3,25
657;1442533479;3,25
658;1449128007;3,25
659;1455740659;3,25
660;1462374117;3,25
661;1469029123;3,25
662;1475706605;3,25
663;1482400701;3,25
664;1489117627;3,25
665;1495854805;3,25
666;1502606129;3,25
667;1509386759;3,25
668;1516181175;3,25
669;1522995691;3,25
670;1529835919;3,25
671;1536689349;3,25
672;1543568395;3,25
673;1550471629;3,25
674;1557391007;3,25
675;1564330663;3,25
676;1571288557;3,25
677;1578270607;3,25
678;1585271999;3,25
679;1592294957;3,25
680;1599338113;3,25
681;1606402579;3,25
682;1613483769;3,25
683;1620592129;3,25
684;1627712073;3,25
685;1634864125;3,25
686;1642033157;3,25
687;1649223127;3,25
688;1656429865;3,25
689;1663663329;3,25
690;1670912561;3,25
691;1678189777;3,25
692;1685482581;3,25
693;1692796981;3,25
694;1700137519;3,25
695;1707493179;3,25
696;1714863389;3,25
697;1722267025;3,25
698;1729688431;3,25
699;1737132111;3,25
700;1744594781;3,25
701;1752080127;3,25
702;1759585811;3,25
703;1767109753;3,25
704;1774659351;3,25
705;1782232965;3,25
706;1789827827;3,25
707;1797439405;3,25
708;1805072561;3,25
709;1812732275;3,25
710;1820409815;3,25
711;1828113237;3,25
712;1835834223;3,25
713;1843581559;3,25
714;1851346133;3,25
715;1859127709;3,25
716;1866936709;3,25
717;1874766199;3,25
718;1882619517;3,25
719;1890492827;3,25
720;1898387849;3,25
721;1906307011;3,25
722;1914245901;3,25
723;1922214565;3,25
724;1930193141;3,25
725;1938205849;3,25
726;1946228687;3,25
727;1954280057;3,25
728;1962358111;3,25
729;1970451783;3,25
730;1978568151;3,25
731;1986707541;3,25
732;1994869137;3,25
733;2003056699;3,25
734;2011255973;3,25
735;2019494667;3,25
736;2027743453;3,25
737;2036012031;3,25
738;2044311093;3,25
739;2052626581;3,25
740;2060971101;3,25
741;2069335897;3,25
742;2077721605;3,25
743;2086130051;3,25
744;2094557569;3,25
745;2103018585;3,25
746;2111491915;3,25
747;2119992515;3,25
748;2128515687;3,25
749;2137062439;3,25
750;2145633991;3,25
751;2154217017;3,24
752;2162832235;3,24
753;2171473883;3,24
754;2180132271;3,24
755;2188818397;3,24
756;2197519919;3,24
757;2206250711;3,24
758;2214995725;3,24
759;2223780487;3,24
760;2232575897;3,24
761;2241398211;3,24
762;2250243637;3,24
763;2259111951;3,24
764;2268004493;3,24
765;2276917453;3,24
766;2285857313;3,24
767;2294819043;3,24
768;2303799859;3,24
769;2312804419;3,24
770;2321841131;3,24
771;2330893691;3,24
772;2339979069;3,24
773;2349075979;3,24
774;2358205049;3,24
775;2367350745;3,24
776;2376526461;3,24
777;2385727299;3,24
778;2394942493;3,24
779;2404185577;3,24
780;2413451115;3,24
781;2422750289;3,24
782;2432059301;3,24
783;2441401623;3,24
784;2450761455;3,24
785;2460150709;3,24
786;2469559653;3,24
787;2478995711;3,24
788;2488453053;3,24
789;2497937341;3,24
790;2507447925;3,24
791;2516977229;3,24
792;2526524261;3,24
793;2536112897;3,24
794;2545714313;3,24
795;2555343981;3,24
796;2564993037;3,24
797;2574670967;3,24
798;2584375829;3,24
799;2594095445;3,24
800;2603846353;3,24
801;2613617151;3,24
802;2623416597;3,24
803;2633242161;3,24
804;2643082961;3,24
805;2652962585;3,24
806;2662856449;3,24
807;2672777609;3,24
808;2682720155;3,24
809;2692689569;3,24
810;2702688009;3,24
811;2712700759;3,24
812;2722752567;3,24
813;2732818085;3,24
814;2742908635;3,24
815;2753027875;3,24
816;2763169221;3,24
817;2773342411;3,24
818;2783535429;3,24
819;2793754221;3,24
820;2803995425;3,24
821;2814268571;3,24
822;2824562355;3,24
823;2834874145;3,24
824;2845219423;3,24
825;2855591063;3,24
826;2865978159;3,24
827;2876402587;3,24
828;2886837309;3,24
829;2897311425;3,24
830;2907806025;3,24
831;2918329439;3,24
832;2928866447;3,24
833;2939444315;3,24
834;2950038849;3,24
835;2960663505;3,24
836;2971308345;3,24
837;2981976505;3,24
838;2992673283;3,24
839;3003401765;3,24
840;3014143039;3,24
841;3024919961;3,24
842;3035724561;3,24
843;3046548939;3,24
844;3057402399;3,24
845;3068280359;3,24
846;3079182547;3,24
847;3090112425;3,24
848;3101067741;3,24
849;3112043991;3,24
850;3123049691;3,24
851;3134086453;3,24
852;3145142979;3,24
853;3156231465;3,24
854;3167343069;3,24
855;3178478355;3,24
856;3189641443;3,24
857;3200823131;3,24
858;3212042245;3,24
859;3223280261;3,24
860;3234547863;3,24
861;3245846717;3,24
862;3257155221;3,24
863;3268503859;3,24
864;3279871515;3,24
865;3291279927;3,24
866;3302703563;3,24
867;3314154151;3,24
868;3325633307;3,24
869;3337130103;3,24
870;3348670853;3,24
871;3360225663;3,24
872;3371806215;3,24
873;3383423465;3,24
874;3395059829;3,24
875;3406720241;3,24
876;3418407465;3,24
877;3430129735;3,24
878;3441870701;3,24
879;3453639517;3,24
880;3465435899;3,24
881;3477251087;3,24
882;3489113729;3,24
883;3500992445;3,24
884;3512895781;3,24
885;3524835193;3,24
886;3536782389;3,24
887;3548771507;3,24
888;3560781007;3,24
889;3572827839;3,24
890;3584895835;3,24
891;3596989917;3,24
892;3609110659;3,24
893;3621258877;3,24
894;3633433559;3,24
895;3645639207;3,24
896;3657867793;3,24
897;3670130009;3,24
898;3682405077;3,24
899;3694723125;3,24
900;3707057093;3,24
901;3719428847;3,24
902;3731824551;3,24
903;3744248645;3,24
904;3756696565;3,24
905;3769171033;3,24
906;3781677225;3,24
907;3794214493;3,24
908;3806771347;3,24
909;3819362587;3,24
910;3831975295;3,24
911;3844614197;3,24
912;3857283727;3,24
913;3869987481;3,24
914;3882719073;3,24
915;3895474059;3,24
916;3908254239;3,24
917;3921069833;3,24
918;3933895941;3,24
919;3946767237;3,24
920;3959666213;3,24
921;3972587301;3,24
922;3985537327;3,24
923;3998516871;3,24
924;4011517091;3,24
925;4024558071;3,24
926;4037627041;3,24
927;4050710979;3,24
928;4063838201;3,24
929;4076981797;3,24
930;4090156337;3,24
931;4103365909;3,24
932;4116594009;3,24
933;4129860141;3,24
934;4143148227;3,24
935;4156470411;3,24
936;4169807743;3,24
937;4183188835;3,24
938;4196591635;3,24
939;4210021463;3,24
940;4223489951;3,24
941;4236981323;3,24
942;4250495511;3,24
943;4264045635;3,24
944;4277620845;3,24
945;4291234381;3,24
946;4304862343;3,24
947;4318524187;3,24
948;4332210737;3,24
949;4345931261;3,24
950;4359687867;3,24
951;4373462577;3,24
952;4387275229;3,24
953;4401108349;3,24
954;4414971411;3,24
955;4428867295;3,24
956;4442790867;3,24
957;4456743953;3,24
958;4470728001;3,24
959;4484738887;3,24
960;4498775257;3,24
961;4512842233;3,24
962;4526945691;3,24
963;4541073345;3,24
964;4555231011;3,24
965;4569422765;3,24
966;4583637781;3,24
967;4597884215;3,24
968;4612154567;3,24
969;4626467101;3,24
970;4640795833;3,24
971;4655163259;3,24
972;4669558115;3,24
973;4683978017;3,24
974;4698434483;3,24
975;4712921475;3,24
976;4727428183;3,24
977;4741975455;3,24
978;4756540217;3,24
979;4771146393;3,24
980;4785777997;3,24
981;4800442289;3,24
982;4815127965;3,24
983;4829853523;3,24
984;4844603435;3,24
985;4859379849;3,24
986;4874195823;3,24
987;4889037863;3,24
988;4903911447;3,24
989;4918811313;3,24
990;4933744699;3,24
991;4948705509;3,24
992;4963696415;3,24
993;4978722333;3,24
994;4993775639;3,24
995;5008860353;3,24
996;5023973567;3,24
997;5039116499;3,24
998;5054291241;3,24
999;5069494611;3,23
1000;5084733329;3,23
1001;5100001793;3,23
1002;5115292961;3,23
1003;5130624119;3,23
1004;5145972101;3,23
1005;5161366757;3,23
1006;5176782507;3,23
1007;5192233825;3,23
1008;5207710269;3,23
1009;5223220783;3,23
1010;5238759499;3,23
1011;5254332181;3,23
1012;5269940783;3,23
1013;5285574385;3,23
1014;5301239041;3,23
1015;5316945287;3,23
1016;5332663371;3,23
1017;5348421945;3,23
1018;5364209973;3,23
1019;5380032395;3,23
1020;5395881425;3,23
1021;5411764605;3,23
1022;5427677177;3,23
1023;5443618437;3,23
1024;5459601663;3,23
1025;5475600877;3,23
1026;5491637353;3,23
1027;5507714751;3,23
1028;5523810811;3,23
1029;5539942985;3,23
1030;5556114471;3,23
1031;5572298613;3,23
1032;5588523235;3,23
1033;5604785703;3,23
1034;5621077867;3,23
1035;5637405045;3,23
1036;5653748353;3,23
1037;5670137505;3,23
1038;5686545233;3,23
1039;5702997159;3,23
1040;5719469757;3,23
1041;5735980765;3,23
1042;5752523187;3,23
1043;5769101631;3,23
1044;5785709749;3,23
1045;5802342959;3,23
1046;5819013965;3,23
1047;5835710667;3,23
1048;5852447301;3,23
1049;5869215777;3,23
1050;5886013411;3,23
1051;5902842529;3,23
1052;5919706445;3,23
1053;5936597353;3,23
1054;5953526683;3,23
1055;5970478789;3,23
1056;5987467713;3,23
1057;6004492085;3,23
1058;6021546833;3,23
1059;6038629509;3,23
1060;6055749345;3,23
1061;6072903145;3,23
1062;6090084233;3,23
1063;6107302635;3,23
1064;6124551985;3,23
1065;6141831053;3,23
1066;6159141475;3,23
1067;6176493171;3,23
1068;6193863155;3,23
1069;6211285245;3,23
1070;6228725287;3,23
1071;6246200443;3,23
1072;6263707481;3,23
1073;6281251249;3,23
1074;6298826693;3,23
1075;6316433305;3,23
1076;6334072657;3,23
1077;6351744569;3,23
1078;6369450309;3,23
1079;6387188983;3,23
1080;6404951755;3,23
1081;6422763579;3,23
1082;6440601927;3,23
1083;6458471167;3,23
1084;6476362097;3,23
1085;6494313559;3,23
1086;6512278797;3,23
1087;6530283111;3,23
1088;6548316769;3,23
1089;6566381875;3,23
1090;6584484407;3,23
1091;6602619051;3,23
1092;6620787247;3,23
1093;6638996241;3,23
1094;6657226381;3,23
1095;6675496861;3,23
1096;6693793681;3,23
1097;6712131099;3,23
1098;6730502741;3,23
1099;6748902279;3,23
1100;6767341739;3,23
1101;6785802785;3,23
1102;6804309811;3,23
1103;6822844683;3,23
1104;6841406803;3,23
1105;6860019129;3,23
1106;6878658185;3,23
1107;6897332215;3,23
1108;6916033173;3,23
1109;6934777503;3,23
1110;6953547773;3,23
1111;6972351147;3,23
1112;6991189181;3,23
1113;7010067639;3,23
1114;7028974593;3,23
1115;7047917319;3,23
1116;7066888793;3,23
1117;7085902451;3,23
1118;7104941119;3,23
1119;7124021755;3,23
1120;7143132421;3,23
1121;7162274403;3,23
1122;7181458443;3,23
1123;7200677919;3,23
1124;7219928373;3,23
1125;7239213291;3,23
1126;7258536913;3,23
1127;7277881241;3,23
1128;7297266259;3,23
1129;7316684365;3,23
1130;7336140021;3,23
1131;7355633489;3,23
1132;7375158489;3,23
1133;7394719807;3,23
1134;7414309913;3,23
1135;7433931485;3,23
1136;7453596703;3,23
1137;7473299713;3,23
1138;7493024073;3,23
1139;7512786869;3,23
1140;7532589075;3,23
1141;7552430987;3,23
1142;7572298505;3,23
1143;7592211339;3,23
1144;7612143311;3,23
1145;7632122683;3,23
1146;7652125889;3,23
1147;7672174489;3,23
1148;7692254527;3,23
1149;7712370357;3,23
1150;7732521457;3,23
1151;7752706535;3,23
1152;7772920869;3,23
1153;7793180143;3,23
1154;7813470925;3,23
1155;7833804315;3,23
1156;7854163423;3,23
1157;7874559759;3,23
1158;7894985781;3,23
1159;7915453783;3,23
1160;7935958053;3,23
1161;7956489719;3,23
1162;7977071193;3,23
1163;7997681131;3,23
1164;8018315715;3,23
1165;8038998641;3,23
1166;8059706401;3,23
1167;8080465379;3,23
1168;8101250753;3,23
1169;8122068711;3,23
1170;8142928229;3,23
1171;8163815139;3,23
1172;8184752613;3,23
1173;8205716061;3,23
1174;8226717963;3,23
1175;8247755477;3,23
1176;8268818127;3,23
1177;8289933085;3,23
1178;8311070219;3,23
1179;8332249739;3,23
1180;8353464657;3,23
1181;8374720915;3,23
1182;8396006381;3,23
1183;8417323711;3,23
1184;8438687883;3,23
1185;8460090393;3,23
1186;8481521873;3,23
1187;8502984387;3,23
1188;8524479663;3,23
1189;8546030111;3,23
1190;8567599665;3,23
1191;8589219875;3,23
1192;8610866097;3,23
1193;8632554925;3,23
1194;8654269451;3,23
1195;8676036635;3,23
1196;8697833871;3,23
1197;8719659313;3,23
1198;8741527007;3,23
1199;8763433577;3,23
1200;8785362913;3,23
1201;8807345657;3,23
1202;8829351583;3,23
1203;8851412007;3,23
1204;8873500473;3,23
1205;8895625615;3,23
1206;8917788359;3,23
1207;8939984329;3,23
1208;8962220031;3,23
1209;8984497813;3,23
1210;9006798637;3,23
1211;9029144351;3,23
1212;9051520525;3,23
1213;9073944725;3,23
1214;9096395389;3,23
1215;9118891965;3,23
1216;9141421935;3,23
1217;9163990183;3,23
1218;9186596599;3,23
1219;9209235917;3,23
1220;9231911231;3,23
1221;9254630875;3,23
1222;9277376155;3,23
1223;9300173141;3,23
1224;9322989995;3,23
1225;9345867187;3,23
1226;9368766171;3,23
1227;9391701969;3,23
1228;9414675211;3,23
1229;9437695223;3,23
1230;9460749757;3,23
1231;9483832389;3,23
1232;9506963771;3,23
1233;9530121713;3,23
1234;9553330213;3,23
1235;9576578447;3,23
1236;9599841579;3,23
1237;9623155245;3,23
1238;9646518771;3,23
1239;9669909727;3,23
1240;9693333193;3,23
1241;9716795609;3,23
1242;9740304903;3,23
1243;9763848377;3,23
1244;9787424147;3,23
1245;9811043325;3,23
1246;9834696033;3,23
1247;9858391837;3,23
1248;9882116981;3,23
1249;9905887843;3,23
1250;9929701397;3,23
1251;9953540357;3,23
1252;9977431699;3,23
1253;10001351905;3,23
1254;10025310385;3,23
1255;10049308899;3,23
1256;10073345137;3,23
1257;10097422029;3,23
1258;10121536087;3,23
1259;10145691299;3,23
1260;10169869817;3,23
1261;10194111371;3,23
1262;10218366545;3,23
1263;10242678589;3,23
1264;10267022647;3,23
1265;10291400009;3,23
1266;10315833295;3,23
1267;10340293521;3,23
1268;10364784905;3,23
1269;10389323175;3,23
1270;10413901749;3,23
1271;10438515885;3,23
1272;10463166393;3,23
1273;10487859745;3,23
1274;10512596649;3,23
1275;10537360999;3,23
1276;10562168403;3,23
1277;10587010729;3,23
1278;10611908023;3,23
1279;10636823551;3,23
1280;10661788227;3,23
1281;10686797847;3,23
1282;10711826317;3,23
1283;10736918725;3,23
1284;10762036765;3,23
1285;10787208457;3,23
1286;10812396313;3,23
1287;10837638681;3,23
1288;10862915051;3,23
1289;10888226435;3,23
1290;10913590577;3,23
1291;10938989201;3,23
1292;10964411795;3,23
1293;10989892361;3,23
1294;11015400263;3,23
1295;11040959581;3,23
1296;11066546343;3,23
1297;11092183905;3,23
1298;11117848159;3,23
1299;11143559947;3,23
1300;11169316529;3,23
1301;11195099943;3,23
1302;11220941051;3,23
1303;11246806825;3,23
1304;11272716797;3,23
1305;11298671331;3,23
1306;11324652065;3,23
1307;11350686061;3,23
1308;11376752369;3,23
1309;11402865485;3,23
1310;11429020151;3,23
1311;11455196485;3,23
1312;11481426333;3,23
1313;11507695395;3,23
1314;11534000489;3,23
1315;11560362749;3,23
1316;11586743833;3,23
1317;11613170257;3,23
1318;11639632733;3,23
1319;11666149825;3,23
1320;11692691833;3,23
1321;11719286043;3,23
1322;11745923047;3,23
1323;11772586449;3,23
1324;11799302171;3,23
1325;11826052923;3,23
1326;11852834333;3,23
1327;11879678291;3,23
1328;11906543703;3,23
1329;11933455975;3,23
1330;11960405355;3,23
1331;11987402315;3,23
1332;12014434947;3,23
1333;12041515387;3,23
1334;12068640117;3,23
1335;12095787803;3,23
1336;12122980419;3,23
1337;12150224563;3,23
1338;12177502315;3,23
1339;12204825231;3,23
1340;12232178775;3,23
1341;12259582179;3,23
1342;12287018777;3,23
1343;12314499189;3,23
1344;12342022893;3,23
1345;12369595821;3,23
1346;12397203263;3,23
1347;12424840387;3,23
1348;12452532267;3,23
1349;12480263593;3,23
1350;12508029769;3,23
1351;12535842367;3,23
1352;12563698825;3,23
1353;12591591003;3,23
1354;12619522825;3,23
1355;12647503505;3,23
